,Unnamed: 0,name,chip_name,T,meas,type,L,W,A,V_g_pos,V_g_neg,V_g_mean,I_c_pos,I_c_neg,I_c_mean,j_c,I_r_pos,I_r_neg,I_r_mean,R_N,R_sg,R_sg_R_N,I_c_R_N,R_spec,1_over_A,1_over_R_N,deltaW_corr2_Ic,A_corr2_Ic,1_over_A_corr2_Ic,j_c_corr2_Ic,deltaW_corr2_Rn,A_corr2_Rn,1_over_A_corr2_Rn,j_c_corr2_Rn
0,0,CH1_JJ20x20_curved_T4p37K_Isweep,AJ08,4.37,Isweep,curved,20,20,400,0.0027586923780195,-0.0027457247206193,0.0027522085493194,4.050029e-05,-4.040053e-05,4.045041e-05,10.1126025,2.898552e-06,-1.799868e-06,2.34921e-06,13.640764916831058,381.026695222832,27.932941997460205,0.0005517745335994,5456.305966732423,0.0025,0.07330967186203177,-0.6497236941554309,374.4331931125298,0.0026707033948762822,10.803104731113752,-0.604378408252054,376.19013693027915,0.0026582302453754497,10.752650329983755
1,1,CH5_JJ15x15_straight_T4p35K_Isweep,AJ08,4.35,Isweep,straight,15,15,225,0.0027606625347839,-0.0027465982044657,0.0027536303696248,2.010009e-05,-1.990052e-05,2.0000305e-05,8.889024444444443,1.198801e-06,-1.099703e-06,1.149252e-06,25.73893125996681,715.3338884191295,27.791903292104745,0.0005147864755733,5791.259533492533,0.0044444444444444444,0.03885165199362242,-0.6497236941554309,205.93043005408404,0.00485600889454447,9.712165897360224,-0.604378408252054,207.2339210127997,0.004825464842400176,9.651076861478044
2,2,CH2_JJ7x7_curved_T4p27K_Isweep,AJ09,4.27,Isweep,curved,7,7,49,0.0027698158222308,-0.0027548961892322,0.0027623560057315,6.299972e-06,-6.299877e-06,6.2999245e-06,12.856988775510205,5.999227e-07,-5.498932e-07,5.7490795e-07,106.36969828060776,637.4384107310841,5.992669162692317,0.0006701210682556,5212.115215749781,0.02040816326530612,0.009401173606434022,-0.6497236941554309,40.32600916057095,0.024797891505161818,15.622484424171082,-0.604378408252054,40.90397554483253,0.024447501414720844,15.40174131263845
17,17,CH2_JJ7x7_straight_T4p47K_Isweep,AI08,4.47,Isweep,straight,7,7,49,0.0027554830718464,-0.0027376234964424,0.0027465532841444,6.100032e-06,-5.39975e-06,5.749891e-06,11.73447142857143,1.199252e-06,-1.099586e-06,1.149419e-06,97.78983660335784,363.9745702332253,3.7220081644018967,0.0005622809013771,4791.701993564534,0.02040816326530612,0.010226011564535764,-0.6497236941554309,40.32600916057095,0.024797891505161818,14.25851731845064,-0.604378408252054,40.90397554483253,0.024447501414720844,14.057046835699067
