,name,chip_name,T,meas,type,L,W,A,V_g_pos,V_g_neg,V_g_mean,I_c_pos,I_c_neg,I_c_mean,j_c,I_r_pos,I_r_neg,I_r_mean,R_N,R_sg,R_sg_R_N,I_c_R_N,R_spec,1_over_A,1_over_R_N,deltaW_corr2,A_corr2,j_c_corr2
0,CH1_JJ20x20_curved_T4p37K_Isweep,AJ08,4.37,Isweep,curved,20,20,400,0.002758692378019539,-0.0027457247206193747,0.002752208549319457,4.050029e-05,-4.040053e-05,4.045041e-05,10.112602500000001,2.898552e-06,-1.799868e-06,2.34921e-06,13.640764916831058,381.026695222832,27.932941997460205,0.0005517745335994322,5456.305966732423,0.0025,0.07330967186203177,-0.6043784084565359,376.190136922347,10.75265033021048
1,CH5_JJ15x15_straight_T4p35K_Isweep,AJ08,4.35,Isweep,straight,15,15,225,0.0027606625347839035,-0.0027465982044657233,0.0027536303696248134,2.010009e-05,-1.990052e-05,2.0000305e-05,8.889024444444443,1.198801e-06,-1.099703e-06,1.149252e-06,25.738931259966815,715.3338884191295,27.791903292104745,0.0005147864755733705,5791.259533492534,0.0044444444444444444,0.038851651993622414,-0.6043784084565359,207.23392100691237,9.651076861752223
2,CH2_JJ7x7_curved_T4p27K_Isweep,AJ09,4.27,Isweep,curved,7,7,49,0.0027698158222308287,-0.0027548961892322555,0.002762356005731542,6.299972e-06,-6.299877e-06,6.2999245e-06,12.856988775510205,5.999227e-07,-5.498932e-07,5.7490795e-07,106.36969828060776,637.4384107310841,5.992669162692317,0.0006701210682556087,5212.115215749781,0.02040816326530612,0.009401173606434022,-0.6043784084565359,40.903975542216955,15.401741313623303
17,CH2_JJ7x7_straight_T4p47K_Isweep,AI08,4.47,Isweep,straight,7,7,49,0.0027554830718464953,-0.002737623496442449,0.0027465532841444724,6.100032e-06,-5.39975e-06,5.749891e-06,11.73447142857143,1.199252e-06,-1.099586e-06,1.149419e-06,97.78983660335784,363.97457023322534,3.7220081644018967,0.0005622809013771179,4791.701993564534,0.02040816326530612,0.010226011564535764,-0.6043784084565359,40.903975542216955,14.057046836597932
